participant,mae_valence,mae_arousal,mae_mean,rmse_valence,rmse_arousal,rmse_mean,r2_valence,r2_arousal,r2_mean,n_test,model
S10,0.987597087378641,1.5635436893203887,1.2755703883495149,1.3529622861763493,1.7864516496001857,1.5697069678882674,0.21971037410097216,0.5385950661032715,0.3791527201021218,103,RandomForestRegressor
S11,0.7408700980392158,0.578799019607843,0.6598345588235294,0.8534914147052038,0.7323216129904546,0.7929065138478293,0.5247303423610568,0.7995612815227935,0.6621458119419251,102,RandomForestRegressor
S13,1.803345588235294,1.570355392156863,1.6868504901960786,2.1515760760212177,2.0949934447871144,2.1232847604041662,-0.372322346474669,0.363978963150289,-0.004171691662190002,102,RandomForestRegressor
S14,1.7469607843137258,0.872487745098039,1.3097242647058824,1.9370238978604142,1.211852092154733,1.5744379950075738,-0.9584812706953643,0.6374534104053959,-0.16051393014498416,102,RandomForestRegressor
S15,0.8470352564102563,2.444983974358975,1.6460096153846155,0.9880356487035145,2.7274145273512076,1.857725088027361,-0.017524185690423577,-3.0293445855034724,-1.523434385596948,78,RandomForestRegressor
S16,0.5777777777777777,1.017020202020202,0.7973989898989898,0.7259235670871453,1.343668936948835,1.03479625201799,0.8293282153065777,0.723799827913184,0.7765640216098808,99,RandomForestRegressor
S17,1.3813,0.9772250000000001,1.1792625,1.9531316919885355,1.3247135303528834,1.6389226111707096,0.4326367710378368,0.8036535605196027,0.6181451657787198,100,RandomForestRegressor
S2,0.8077473958333332,1.4464453125,1.1270963541666665,0.9473630566301962,1.7853706859719987,1.3663668713010975,0.005371554834054937,-2.5325212662337666,-1.2635748556998558,96,RandomForestRegressor
S3,0.5065151515151516,1.645050505050505,1.0757828282828283,0.6741992069908349,1.9570829018844564,1.3156410544376458,-0.20666070896533073,-0.8244328501652407,-0.5155467795652857,99,RandomForestRegressor
S4,0.8880934343434345,1.5908459595959594,1.239469696969697,1.0748701251708732,2.248537119136876,1.6617036221538748,0.138238656892123,0.2713213363138566,0.2047799966029898,99,RandomForestRegressor
S5,0.6495454545454546,1.209659090909091,0.9296022727272728,0.7561814915959814,1.6584653661083213,1.2073234288521513,0.1309119635380318,0.6221868659734486,0.3765494147557402,99,RandomForestRegressor
S6,1.6614015151515147,1.781010101010101,1.721205808080808,1.8174297856819224,2.176266582331709,1.9968481840068157,-2.715932404119319,-11.391583358916174,-7.053757881517747,99,RandomForestRegressor
S7,0.7348611111111111,0.9385984848484848,0.836729797979798,1.0743121551448254,1.4928632357931615,1.2835876954689933,-5.9058552455357125,0.6046532684106335,-2.6506009885625397,99,RandomForestRegressor
S8,0.5180374999999999,0.9535125,0.735775,0.6621421793127213,1.2993418947201696,0.9807420370164455,0.3663357918413065,0.4471150905897955,0.406725441215551,100,RandomForestRegressor
S9,1.7494823232323233,1.4740151515151516,1.6117487373737376,2.0249459206832956,1.9595059029863584,1.9922259118348271,-7.653763786942829,-4.51635016490765,-6.085056975925239,99,RandomForestRegressor
S10,1.0198579812300077,1.5244706535609405,1.272164317395474,1.3863107520891091,1.7353305066637357,1.5608206293764224,0.18077040212529472,0.5646243814457843,0.3726973917855395,103,GradientBoostingRegressor
S11,0.7653890823411342,0.782161057580247,0.7737750699606907,0.9006743181878134,0.9788923190453951,0.9397833186166042,0.4707299319703485,0.6418641839111872,0.5562970579407678,102,GradientBoostingRegressor
S13,1.8181847502827602,1.4877375060161218,1.652961128149441,2.1309741349870386,1.891383211762351,2.011178673374695,-0.3461674307182301,0.4815997487196295,0.06771615900069972,102,GradientBoostingRegressor
S14,1.6651192185129045,0.7742103040251059,1.2196647612690052,1.8816337878019003,1.1494695819123764,1.5155516848571384,-0.8480753352088075,0.6738183265329862,-0.08712850433791064,102,GradientBoostingRegressor
S15,0.7330040302233441,2.5563905487503193,1.6446972894868317,0.870122722655156,2.883213781973602,1.876668252314379,0.21084823483068027,-3.5028325943046985,-1.6459921797370092,78,GradientBoostingRegressor
S16,0.5641017303689502,0.9532565168338545,0.7586791236014023,0.7514062173773429,1.2977249822028853,1.0245655997901142,0.8171354564137894,0.7423650838023378,0.7797502701080636,99,GradientBoostingRegressor
S17,1.2581294659786122,0.7777043734482553,1.0179169197134337,1.67631246481962,1.1540141304776335,1.4151632976486268,0.5820656374993114,0.8509948293342678,0.7165302334167896,100,GradientBoostingRegressor
S2,0.8523534520658304,1.223499419393186,1.0379264357295082,1.1270887000917522,1.489308374178577,1.3081985371351648,-0.4078104246574723,-1.4580869911255396,-0.932948707891506,96,GradientBoostingRegressor
S3,0.6698821687840557,1.7983553320186207,1.2341187504013382,0.7861190607838505,2.0304264158635816,1.4082727383237161,-0.6405344325322384,-0.9637398254154941,-0.8021371289738662,99,GradientBoostingRegressor
S4,1.0214416473422336,1.6622874161207277,1.3418645317314808,1.1986127871828423,2.2853221462857576,1.7419674667343,-0.07160032617018053,0.2472846250530425,0.08784214944143098,99,GradientBoostingRegressor
S5,0.5911265379054439,1.180457560239605,0.8857920490725244,0.7103747421881681,1.6106364871009677,1.1605056146445678,0.2330152871527299,0.6436643246582178,0.43833980590547383,99,GradientBoostingRegressor
S6,1.4355805308651979,1.7999843573716898,1.6177824441184439,1.596721483042468,2.20026786624915,1.898494674645809,-1.8682094312105062,-11.666415449684832,-6.767312440447669,99,GradientBoostingRegressor
S7,0.47338774758075375,1.0628951253685324,0.7681414364746431,0.5955552742914263,1.5201483817408876,1.0578518280161568,-1.12227003449379,0.590069653290588,-0.26610019060160095,99,GradientBoostingRegressor
S8,0.682745362136602,1.0809798363275351,0.8818625992320686,0.8554592349051348,1.3755589706538554,1.115509102779495,-0.05768247230015677,0.38035024831467956,0.1613338880072614,100,GradientBoostingRegressor
S9,1.5567651552670971,1.3784745036709338,1.4676198294690155,1.8290378606391156,1.8791300981648675,1.8540839794019917,-6.0603067262873624,-4.073087716659491,-5.066697221473427,99,GradientBoostingRegressor
S10,0.6957114709325949,1.2541305991677363,0.9749210350501656,0.9116437383503737,1.4082496213783664,1.15994667986437,0.6457296894531671,0.7132793401187592,0.6795045147859631,103,SVR
S11,0.9379833381003302,0.6823907935988537,0.810187065849592,1.0654185346688643,0.8267283786068605,0.9460734566378624,0.2594024508344004,0.7445513538102229,0.5019769023223116,102,SVR
S13,1.8870183688948199,1.4181150784467276,1.6525667236707737,2.2567021957467843,1.9801369231760466,2.1184195594614152,-0.509701981485071,0.4318060727348819,-0.03894795437509452,102,SVR
S14,1.7036598754492314,1.149391289441447,1.4265255824453393,1.912468285401365,1.3859571548102114,1.6492127201057882,-0.9091407557444038,0.5257971062873982,-0.1916718247285028,102,SVR
S15,1.2165987249491377,2.7375406837603764,1.977069704354757,1.6385412738647487,3.2084525300943056,2.423496901979527,-1.7984289373765945,-4.576007470512133,-3.1872182039443637,78,SVR
S16,0.6969724102439532,0.8582399642940726,0.7776061872690129,0.8825978166877413,1.1804429876322093,1.0315204021599753,0.7477067475861638,0.7868283613629963,0.7672675544745801,99,SVR
S17,1.3854430884130644,1.1803457589191548,1.2828944236661095,1.9246947437574693,1.6627119025157209,1.793703323136595,0.449037739210002,0.6906763705281678,0.5698570548690849,100,SVR
S2,0.9264186237747513,1.5367241408350483,1.2315713823048997,1.1661012644545,1.8641955875402434,1.5151484259973715,-0.5069558125297409,-2.8513318107478582,-1.6791438116387996,96,SVR
S3,0.8897689425308117,1.750925313679115,1.3203471281049635,1.0215081970242974,1.982379510967056,1.5019438539956766,-1.770080619056699,-0.8719016999633036,-1.3209911595100012,99,SVR
S4,0.9729172617833967,1.7135628910799106,1.3432400764316537,1.1803241322334563,2.445908406328196,1.8131162692808263,-0.0391484569982663,0.13778353915987085,0.049317541080802274,99,SVR
S5,0.46114943938300146,1.4596203320980359,0.9603848857405186,0.5774996723387852,1.9351067630314802,1.2563032176851328,0.49310831246409037,0.48563181347936957,0.48937006297172997,99,SVR
S6,1.3180934083890687,1.6281427896627334,1.4731180990259012,1.5189897210011525,1.998786948604512,1.7588883348028324,-1.5957459940705543,-9.452871851361696,-5.524308922716125,99,SVR
S7,0.5667601313055988,1.1886625955010461,0.8777113634033225,0.6990163075697697,1.7306133897610163,1.2148148486653931,-1.9236885510581812,0.46870194515942165,-0.7274933029493797,99,SVR
S8,0.48436347639257554,0.8774653948026615,0.6809144355976186,0.6545161953178346,1.2534397903351138,0.9539779928264742,0.38084773820879636,0.48548883023469525,0.4331682842217458,100,SVR
S9,1.6891191493313604,1.2322498816452772,1.4606845154883188,1.9568905297730756,1.8051842256047004,1.881037377688888,-7.081858476872931,-3.6816800873841062,-5.381769282128518,99,SVR
S10,0.9921578860399907,1.388695820497768,1.1904268532688793,1.3640478222759833,1.742746004283107,1.553396913279545,0.2068713384126828,0.5608954952209653,0.38388341681682403,103,Ridge
S11,1.0045587840293049,0.7221926753505861,0.8633757296899455,1.1264698376365805,0.8981657237328406,1.0123177806847106,0.17209422865738022,0.698497533984627,0.4352958813210036,102,Ridge
S13,1.8478087788600874,1.5546541331797603,1.701231456019924,2.3026961613124057,2.08431296421478,2.193504562763593,-0.5718677227092357,0.37044742693520805,-0.10071014788701382,102,Ridge
S14,1.8340521449345177,1.0872554981046587,1.4606538215195881,1.9700325973823052,1.4071739145799596,1.6886032559811324,-1.0257987073613921,0.5111674216306927,-0.2573156428653497,102,Ridge
S15,1.0264921361651071,2.511042686081871,1.768767411123489,1.5176386555497832,3.2028947267671977,2.3602666911584906,-1.4006910413524953,-4.556706258324607,-2.9786986498385515,78,Ridge
S16,0.8203831941465187,1.046493521713623,0.9334383579300709,1.0404421015845446,1.4516244293273466,1.2460332654559456,0.6493968827086081,0.6776349674959725,0.6635159251022903,99,Ridge
S17,1.4820711056374964,1.4417073991935316,1.461889252415514,2.176714235470154,1.8843702063026093,2.0305422208863817,0.2953053627672054,0.6027064229322259,0.44900589284971565,100,Ridge
S2,1.7640093554076028,2.153872033034808,1.9589406942212055,2.1239091892427155,2.8591557519713535,2.4915324706070345,-3.999192651525152,-8.05948715667491,-6.029339904100031,96,Ridge
S3,1.9050273349747349,1.0126896066351738,1.4588584708049543,2.4493317489625768,1.4491554183042776,1.9492435836334272,-14.925897667248654,-0.0003209579195528889,-7.463109312584104,99,Ridge
S4,0.8322292373989116,1.4493990295067616,1.1408141334528366,1.0276974702143076,2.105961619902951,1.5668295450586291,0.21221882443818996,0.36079989926348044,0.2865093618508352,99,Ridge
S5,0.4695801005153236,1.6571700802616243,1.063375090388474,0.6341145563185137,1.9992150695159294,1.3166648129172216,0.38885096495095217,0.45098618645792576,0.41991857570443897,99,Ridge
S6,1.2848723829122422,1.6699267764411503,1.477399579676696,1.4239233234985924,2.154809403749858,1.7893663636242252,-1.281002335103687,-11.14843517222555,-6.214718753664618,99,Ridge
S7,0.6574345245516289,1.3404565074803791,0.998945516016004,0.9070558429890875,1.7834282390426217,1.3452420410158545,-3.9229399956340725,0.43577881995171863,-1.743580587841177,99,Ridge
S8,0.4429874244521384,0.866084697632118,0.6545360610421282,0.5674338376630274,1.1690033811098557,0.8682186093864415,0.5346420579202329,0.5524728500634415,0.5435574539918372,100,Ridge
S9,1.52999163084839,1.1964542675204686,1.3632229491844292,1.7392078943848497,1.7069460394527172,1.7230769669187835,-5.383827955001635,-3.1859906954696733,-4.284909325235654,99,Ridge
S10,0.9340447878483831,1.3298279232576182,1.1319363555530007,1.1570047126362686,1.6231802997088371,1.3900925061725529,0.4293698596589346,0.6190804808779744,0.5242251702684545,103,MLPRegressor
S11,0.9124965377700403,0.8135836024807483,0.8630400701253943,1.2296459352533986,1.0362367603622409,1.1329413478078196,0.013489000373725912,0.5986752871658285,0.3060821437697772,102,MLPRegressor
S13,2.0302539589710857,1.5989112959329492,1.8145826274520176,2.631566844855553,2.033517838485056,2.3325423416703046,-1.0529176769216742,0.400758176845994,-0.32607975003784007,102,MLPRegressor
S14,2.2047795643358485,1.2814570358969117,1.7431183001163801,2.4939857324711006,1.6170993940366563,2.055542563253878,-2.246664365369104,0.3544379099322448,-0.9461132277184295,102,MLPRegressor
S15,2.2921701312818348,3.110721757717939,2.701445944499887,2.582111429664687,4.30167055906859,3.4418909943666387,-5.949434600614584,-9.023200199326965,-7.486317399970774,78,MLPRegressor
S16,0.8251434192504142,1.100000310366314,0.9625718648083641,1.115208820072058,1.486769957571587,1.3009893888218225,0.5971973407827047,0.6618363330143924,0.6295168368985485,99,MLPRegressor
S17,1.5542880854947936,1.181333859386604,1.3678109724406988,2.177948847186125,1.7840966055024214,1.9810227263442732,0.29450574380400796,0.6438640465264431,0.46918489516522555,100,MLPRegressor
S2,1.4228612662114877,1.928815856813966,1.6758385615127267,1.7265597497245373,2.4004284834059617,2.0634941165652494,-2.3036285444087765,-5.385656135975503,-3.8446423401921397,96,MLPRegressor
S3,1.5533576788855739,1.8291801806411605,1.6912689297633672,2.0063088020667283,2.0774529752791677,2.041880888672948,-9.68573140998469,-1.0557573037970394,-5.370744356890865,99,MLPRegressor
S4,1.6614287810604182,1.7554744682453534,1.7084516246528858,1.7684178159014494,2.482822893863556,2.1256203548825026,-1.3326242544314009,0.11156141215231852,-0.6105314211395412,99,MLPRegressor
S5,0.8004439435264562,1.3129965619954602,1.0567202527609583,1.0436085117082554,1.7666722100546577,1.4051403608814566,-0.6553388587552027,0.5712775820028033,-0.04203063837619969,99,MLPRegressor
S6,1.6380490161579466,1.4601795165213984,1.5491142663396724,1.950638290880862,1.8359238970184903,1.893281093949676,-3.2806134595819367,-7.818850203380279,-5.5497318314811075,99,MLPRegressor
S7,0.9263322350406806,1.0491567981439356,0.9877445165923081,1.1441988138611505,1.527042184570184,1.3356204992156673,-6.833565483644703,0.5863431922948257,-3.1236111456749387,99,MLPRegressor
S8,1.160983340893363,1.0304956286762217,1.0957394847847923,1.5035849508504031,1.4061523656458308,1.454868658248117,-2.267477532047708,0.35248085033685905,-0.9574983408554245,100,MLPRegressor
S9,1.902904947119542,1.5093866616986273,1.7061458044090847,2.4064342669421945,1.9784842009668366,2.1924592339545157,-11.221547063047922,-4.623722044531253,-7.922634553789587,99,MLPRegressor
S10,0.9713862914483524,1.0990083819454155,1.0351973366968839,1.1500409858699432,1.3318364690848128,1.240938727477378,0.4362181532570648,0.7435507065665881,0.5898844299118264,103,TorchMLPRegressor
S11,0.830049337125292,0.7877628499386358,0.8089060935319639,1.0356592081583356,1.0527859658394296,1.0442225869988826,0.3001974562928251,0.5857542246725057,0.4429758404826654,102,TorchMLPRegressor
S13,1.9734698393765617,1.4397224176163768,1.7065961284964692,2.372738939383901,1.9216709932717193,2.14720496632781,-0.668947353965458,0.46486394450870594,-0.10204170472837604,102,TorchMLPRegressor
S14,1.8876644372940063,1.163937302196727,1.5258008697453667,2.0483039437257986,1.4677977867940066,1.7580508652599027,-1.1899705134137668,0.4681403452991536,-0.3609150840573066,102,TorchMLPRegressor
S15,1.8641611429361196,2.6426036755243936,2.2533824092302566,2.2023486865843327,3.2046718237925274,2.70351025518843,-4.0555879667177654,-4.5628741448636,-4.309231055790683,78,TorchMLPRegressor
S16,0.7789439432548754,0.812209832547891,0.7955768879013831,1.0210836259054237,1.11006313414575,1.0655733800255869,0.6623221595600242,0.8114898453060687,0.7369060024330465,99,TorchMLPRegressor
S17,1.4986237859725953,0.9430255162715911,1.2208246511220933,2.0305503379210013,1.5800575037808002,1.8053039208509007,0.3867668102160907,0.720665311128937,0.5537160606725138,100,TorchMLPRegressor
S2,1.2861625800530117,1.8697658994545538,1.5779642397537827,1.5134430755626753,2.3850272709081137,1.9492351732353945,-1.5384006294370738,-5.303977927453262,-3.4211892784451683,96,TorchMLPRegressor
S3,1.25627917954416,2.0514994943984832,1.6538893369713215,1.7556589145153079,2.3450642370099475,2.0503615757626275,-7.182556049450541,-1.6195031506690105,-4.4010296000597755,99,TorchMLPRegressor
S4,1.3844291898939345,1.94130479085325,1.6628669903735922,1.5032691849033215,2.6879231673847777,2.0955961761440496,-0.6855767574265808,-0.041285046141979365,-0.36343090178428006,99,TorchMLPRegressor
S5,0.6867523482351592,1.2257793900942562,0.9562658691647077,0.8522478523252276,1.9083159041304463,1.380281878227837,-0.10393503356948597,0.4997757084430635,0.19792033743678877,99,TorchMLPRegressor
S6,1.477539760897858,1.5711784206255517,1.5243590907617048,1.7566978478538051,1.9010155265825792,1.8288566872181922,-2.471735744735965,-8.45527020198908,-5.463502973362523,99,TorchMLPRegressor
S7,0.8190017998820603,0.9190187574637056,0.869010278672883,1.0005265021670824,1.3885818128941605,1.1945541575306216,-4.9898188109650565,0.6579567279595413,-2.1659310415027577,99,TorchMLPRegressor
S8,0.9420271801948548,1.0131573617458343,0.9775922709703445,1.1508838914851574,1.46877228850301,1.3098280899940837,-0.9143427253649656,0.2935250080317102,-0.3104088586666277,100,TorchMLPRegressor
S9,1.8787709558852996,1.2981678620733397,1.5884694089793197,2.3201853508094237,1.9160962705271318,2.1181408106682778,-10.361182572942822,-4.274646089213158,-7.31791433107799,99,TorchMLPRegressor
S10,1.3155442476272583,0.8918651938438416,1.10370472073555,1.4627057965891461,1.167327296452913,1.3150165465210297,0.08799272775650024,0.8029915690422058,0.445492148399353,103,TorchTransformerRegressor
S11,0.8355122208595276,0.8046051263809204,0.820058673620224,0.9282153358552081,0.9570995072916453,0.9426574215734267,0.437866747379303,0.6576328873634338,0.5477498173713684,102,TorchTransformerRegressor
S13,2.025197744369507,1.369088888168335,1.697143316268921,2.462851225305642,1.8293299820042561,2.146090603654949,-0.7981213331222534,0.5150575637817383,-0.14153188467025757,102,TorchTransformerRegressor
S14,1.7622753381729126,0.7730513215065002,1.2676633298397064,2.0035045436791425,0.9743617169329363,1.4889331303060394,-1.0952224731445312,0.765628457069397,-0.16479700803756714,102,TorchTransformerRegressor
S15,1.2157198190689087,2.6044230461120605,1.9100714325904846,1.4297617074854294,2.8809758980672053,2.1553688027763176,-1.1307225227355957,-3.495845317840576,-2.313283920288086,78,TorchTransformerRegressor
S16,0.42342609167099,0.8749920725822449,0.6492090821266174,0.6630964320480159,1.0207752224218554,0.8419358272349357,0.8575923442840576,0.8405958414077759,0.8490940928459167,99,TorchTransformerRegressor
S17,1.2435600757598877,1.0657594203948975,1.1546597480773926,1.9428521956152398,1.4555525652698607,1.6992023804425502,0.43859314918518066,0.7629527449607849,0.6007729470729828,100,TorchTransformerRegressor
S2,0.6191444993019104,1.057464599609375,0.8383045494556427,0.9391366024897476,1.3732602210088982,1.156198411749323,0.022570312023162842,-1.0899391174316406,-0.5336844027042389,96,TorchTransformerRegressor
S3,0.5782188773155212,1.3746241331100464,0.9764215052127838,0.7416134672337131,1.5140874870450893,1.1278504771394013,-0.46003711223602295,-0.091971755027771,-0.276004433631897,99,TorchTransformerRegressor
S4,1.1298279762268066,1.697962760925293,1.4138953685760498,1.491531227754246,2.4238943233871577,1.9577127755707018,-0.6593565940856934,0.15323400497436523,-0.25306129455566406,99,TorchTransformerRegressor
S5,0.6037123799324036,1.4083704948425293,1.0060414373874664,0.7951750481021953,1.732690560235701,1.2639328041689482,0.03896939754486084,0.5876117944717407,0.3132905960083008,99,TorchTransformerRegressor
S6,1.1232606172561646,1.8569161891937256,1.490088403224945,1.3254576882221523,2.3078977823480593,1.8166777352851058,-0.976442813873291,-12.935924530029297,-6.956183671951294,99,TorchTransformerRegressor
S7,0.2417135089635849,1.1375623941421509,0.6896379515528679,0.4661691986564627,1.8232463066328335,1.144707752644648,-0.30030012130737305,0.41030311584472656,0.05500149726867676,99,TorchTransformerRegressor
S8,0.30146414041519165,0.35264521837234497,0.3270546793937683,0.4449273166876329,0.5111449424228506,0.4780361295552418,0.7138887643814087,0.9144389629364014,0.814163863658905,100,TorchTransformerRegressor
S9,0.6856465339660645,0.7738579511642456,0.729752242565155,0.9169563392075153,1.2448599037184322,1.0809081214629739,-0.7744978666305542,-1.226381778717041,-1.0004398226737976,99,TorchTransformerRegressor
