accuracy,balanced_accuracy,macro_f1,macro_recall,weighted_f1,cohen_kappa,n_test,subject,model
0.8571428571428571,0.5,0.46153846153846156,0.5,0.7912087912087912,0.0,7,P01,Baseline
0.8571428571428571,0.5,0.46153846153846156,0.5,0.7912087912087912,0.0,7,P01,RandomForest
0.8571428571428571,0.9166666666666667,0.7878787878787878,0.9166666666666667,0.8744588744588745,0.588235294117647,7,P01,LogisticRegression
0.8571428571428571,0.5,0.46153846153846156,0.5,0.7912087912087912,0.0,7,P01,XGBoost
0.8571428571428571,0.5,0.46153846153846156,0.5,0.7912087912087912,0.0,7,P01,conformer_fusion
0.8571428571428571,0.5,0.46153846153846156,0.5,0.7912087912087912,0.0,7,P01,bilstm_fusion
0.8571428571428571,0.5,0.46153846153846156,0.5,0.7912087912087912,0.0,7,P01,cnn1d_fusion
0.8571428571428571,0.5,0.46153846153846156,0.5,0.7912087912087912,0.0,7,P01,tiny_tcn_fusion
0.8333333333333334,0.5,0.45454545454545453,0.5,0.7575757575757575,0.0,6,P06,Baseline
0.8333333333333334,0.5,0.45454545454545453,0.5,0.7575757575757575,0.0,6,P06,RandomForest
0.8333333333333334,0.5,0.45454545454545453,0.5,0.7575757575757575,0.0,6,P06,LogisticRegression
0.8333333333333334,0.5,0.45454545454545453,0.5,0.7575757575757575,0.0,6,P06,XGBoost
0.8333333333333334,0.5,0.45454545454545453,0.5,0.7575757575757575,0.0,6,P06,conformer_fusion
0.8333333333333334,0.5,0.45454545454545453,0.5,0.7575757575757575,0.0,6,P06,bilstm_fusion
0.8333333333333334,0.5,0.45454545454545453,0.5,0.7575757575757575,0.0,6,P06,cnn1d_fusion
0.8333333333333334,0.5,0.45454545454545453,0.5,0.7575757575757575,0.0,6,P06,tiny_tcn_fusion
0.6666666666666666,0.5,0.4,0.5,0.5333333333333333,0.0,6,P12,Baseline
1.0,1.0,1.0,1.0,1.0,1.0,6,P12,RandomForest
1.0,1.0,1.0,1.0,1.0,1.0,6,P12,LogisticRegression
0.6666666666666666,0.5,0.4,0.5,0.5333333333333333,0.0,6,P12,XGBoost
1.0,1.0,1.0,1.0,1.0,1.0,6,P12,conformer_fusion
0.8333333333333334,0.875,0.8285714285714285,0.875,0.8380952380952381,0.6666666666666667,6,P12,bilstm_fusion
1.0,1.0,1.0,1.0,1.0,1.0,6,P12,cnn1d_fusion
0.8333333333333334,0.875,0.8285714285714285,0.875,0.8380952380952381,0.6666666666666667,6,P12,tiny_tcn_fusion
0.6,0.5,0.375,0.5,0.45,0.0,5,P13,Baseline
1.0,1.0,1.0,1.0,1.0,1.0,5,P13,RandomForest
1.0,1.0,1.0,1.0,1.0,1.0,5,P13,LogisticRegression
0.6,0.5,0.375,0.5,0.45,0.0,5,P13,XGBoost
1.0,1.0,1.0,1.0,1.0,1.0,5,P13,conformer_fusion
1.0,1.0,1.0,1.0,1.0,1.0,5,P13,bilstm_fusion
1.0,1.0,1.0,1.0,1.0,1.0,5,P13,cnn1d_fusion
1.0,1.0,1.0,1.0,1.0,1.0,5,P13,tiny_tcn_fusion
0.8333333333333334,0.5,0.45454545454545453,0.5,0.7575757575757575,0.0,6,P15,Baseline
1.0,1.0,1.0,1.0,1.0,1.0,6,P15,RandomForest
1.0,1.0,1.0,1.0,1.0,1.0,6,P15,LogisticRegression
0.8333333333333334,0.5,0.45454545454545453,0.5,0.7575757575757575,0.0,6,P15,XGBoost
0.8333333333333334,0.5,0.45454545454545453,0.5,0.7575757575757575,0.0,6,P15,conformer_fusion
1.0,1.0,1.0,1.0,1.0,1.0,6,P15,bilstm_fusion
1.0,1.0,1.0,1.0,1.0,1.0,6,P15,cnn1d_fusion
1.0,1.0,1.0,1.0,1.0,1.0,6,P15,tiny_tcn_fusion
0.6666666666666666,0.5,0.4,0.5,0.5333333333333333,0.0,6,P16,Baseline
1.0,1.0,1.0,1.0,1.0,1.0,6,P16,RandomForest
1.0,1.0,1.0,1.0,1.0,1.0,6,P16,LogisticRegression
0.8333333333333334,0.875,0.8285714285714285,0.875,0.8380952380952381,0.6666666666666667,6,P16,XGBoost
1.0,1.0,1.0,1.0,1.0,1.0,6,P16,conformer_fusion
1.0,1.0,1.0,1.0,1.0,1.0,6,P16,bilstm_fusion
1.0,1.0,1.0,1.0,1.0,1.0,6,P16,cnn1d_fusion
1.0,1.0,1.0,1.0,1.0,1.0,6,P16,tiny_tcn_fusion
0.8333333333333334,0.5,0.45454545454545453,0.5,0.7575757575757575,0.0,6,P18,Baseline
0.8333333333333334,0.5,0.45454545454545453,0.5,0.7575757575757575,0.0,6,P18,RandomForest
1.0,1.0,1.0,1.0,1.0,1.0,6,P18,LogisticRegression
0.8333333333333334,0.5,0.45454545454545453,0.5,0.7575757575757575,0.0,6,P18,XGBoost
1.0,1.0,1.0,1.0,1.0,1.0,6,P18,conformer_fusion
1.0,1.0,1.0,1.0,1.0,1.0,6,P18,bilstm_fusion
1.0,1.0,1.0,1.0,1.0,1.0,6,P18,cnn1d_fusion
1.0,1.0,1.0,1.0,1.0,1.0,6,P18,tiny_tcn_fusion
0.8333333333333334,0.5,0.45454545454545453,0.5,0.7575757575757575,0.0,6,P19,Baseline
1.0,1.0,1.0,1.0,1.0,1.0,6,P19,RandomForest
1.0,1.0,1.0,1.0,1.0,1.0,6,P19,LogisticRegression
0.8333333333333334,0.5,0.45454545454545453,0.5,0.7575757575757575,0.0,6,P19,XGBoost
1.0,1.0,1.0,1.0,1.0,1.0,6,P19,conformer_fusion
1.0,1.0,1.0,1.0,1.0,1.0,6,P19,bilstm_fusion
1.0,1.0,1.0,1.0,1.0,1.0,6,P19,cnn1d_fusion
1.0,1.0,1.0,1.0,1.0,1.0,6,P19,tiny_tcn_fusion
0.7142857142857143,0.5,0.4166666666666667,0.5,0.5952380952380952,0.0,7,P20,Baseline
0.8571428571428571,0.75,0.7878787878787878,0.75,0.8398268398268397,0.588235294117647,7,P20,RandomForest
0.8571428571428571,0.75,0.7878787878787878,0.75,0.8398268398268397,0.588235294117647,7,P20,LogisticRegression
0.7142857142857143,0.5,0.4166666666666667,0.5,0.5952380952380952,0.0,7,P20,XGBoost
1.0,1.0,1.0,1.0,1.0,1.0,7,P20,conformer_fusion
1.0,1.0,1.0,1.0,1.0,1.0,7,P20,bilstm_fusion
0.7142857142857143,0.65,0.65,0.65,0.7142857142857143,0.30000000000000004,7,P20,cnn1d_fusion
0.8571428571428571,0.75,0.7878787878787878,0.75,0.8398268398268397,0.588235294117647,7,P20,tiny_tcn_fusion
0.5714285714285714,0.5,0.36363636363636365,0.5,0.4155844155844156,0.0,7,P23,Baseline
0.5714285714285714,0.5416666666666666,0.5333333333333333,0.5416666666666666,0.5523809523809524,0.08695652173913038,7,P23,RandomForest
0.8571428571428571,0.875,0.8571428571428571,0.875,0.8571428571428571,0.72,7,P23,LogisticRegression
0.5714285714285714,0.5416666666666666,0.5333333333333333,0.5416666666666666,0.5523809523809524,0.08695652173913038,7,P23,XGBoost
0.8571428571428571,0.875,0.8571428571428571,0.875,0.8571428571428571,0.72,7,P23,conformer_fusion
0.8571428571428571,0.875,0.8571428571428571,0.875,0.8571428571428571,0.72,7,P23,bilstm_fusion
0.8571428571428571,0.875,0.8571428571428571,0.875,0.8571428571428571,0.72,7,P23,cnn1d_fusion
0.7142857142857143,0.75,0.7083333333333333,0.75,0.7023809523809523,0.46153846153846156,7,P23,tiny_tcn_fusion
0.7142857142857143,0.5,0.4166666666666667,0.5,0.5952380952380952,0.0,7,P24,Baseline
0.8571428571428571,0.75,0.7878787878787878,0.75,0.8398268398268397,0.588235294117647,7,P24,RandomForest
1.0,1.0,1.0,1.0,1.0,1.0,7,P24,LogisticRegression
0.7142857142857143,0.5,0.4166666666666667,0.5,0.5952380952380952,0.0,7,P24,XGBoost
0.8571428571428571,0.9,0.8444444444444444,0.9,0.8634920634920634,0.6956521739130435,7,P24,conformer_fusion
1.0,1.0,1.0,1.0,1.0,1.0,7,P24,bilstm_fusion
0.8571428571428571,0.9,0.8444444444444444,0.9,0.8634920634920634,0.6956521739130435,7,P24,cnn1d_fusion
1.0,1.0,1.0,1.0,1.0,1.0,7,P24,tiny_tcn_fusion
0.7142857142857143,0.5,0.4166666666666667,0.5,0.5952380952380952,0.0,7,P26,Baseline
0.8571428571428571,0.75,0.7878787878787878,0.75,0.8398268398268397,0.588235294117647,7,P26,RandomForest
0.8571428571428571,0.75,0.7878787878787878,0.75,0.8398268398268397,0.588235294117647,7,P26,LogisticRegression
0.7142857142857143,0.5,0.4166666666666667,0.5,0.5952380952380952,0.0,7,P26,XGBoost
0.8571428571428571,0.75,0.7878787878787878,0.75,0.8398268398268397,0.588235294117647,7,P26,conformer_fusion
0.8571428571428571,0.75,0.7878787878787878,0.75,0.8398268398268397,0.588235294117647,7,P26,bilstm_fusion
0.8571428571428571,0.75,0.7878787878787878,0.75,0.8398268398268397,0.588235294117647,7,P26,cnn1d_fusion
0.8571428571428571,0.75,0.7878787878787878,0.75,0.8398268398268397,0.588235294117647,7,P26,tiny_tcn_fusion
0.8571428571428571,0.5,0.46153846153846156,0.5,0.7912087912087912,0.0,7,P31,Baseline
0.8571428571428571,0.5,0.46153846153846156,0.5,0.7912087912087912,0.0,7,P31,RandomForest
0.8571428571428571,0.5,0.46153846153846156,0.5,0.7912087912087912,0.0,7,P31,LogisticRegression
0.8571428571428571,0.5,0.46153846153846156,0.5,0.7912087912087912,0.0,7,P31,XGBoost
0.8571428571428571,0.5,0.46153846153846156,0.5,0.7912087912087912,0.0,7,P31,conformer_fusion
0.7142857142857143,0.8333333333333333,0.65,0.8333333333333333,0.7571428571428572,0.36363636363636376,7,P31,bilstm_fusion
1.0,1.0,1.0,1.0,1.0,1.0,7,P31,cnn1d_fusion
0.8571428571428571,0.9166666666666667,0.7878787878787878,0.9166666666666667,0.8744588744588745,0.588235294117647,7,P31,tiny_tcn_fusion
